{
  "metadata": {
    "schemaVersion": "1.0",
    "importType": "LEX",
    "importFormat": "JSON"
  },
  "resource": {
    "name": "riskLevel",
    "version": "1",
    "enumerationValues": [
      {
        "value": "High",
        "synonyms": [
          "high"
        ]
      },
      {
        "value": "Very Low",
        "synonyms": [
          "very low"
        ]
      },
      {
        "value": "Low",
        "synonyms": [
          "low"
        ]
      },
      {
        "value": "Medium",
        "synonyms": [
          "medium"
        ]
      },
      {
        "value": "Very High",
        "synonyms": [
          "very high"
        ]
      },
      {
        "value": "None",
        "synonyms": [
          "none"
        ]
      }
    ],
    "valueSelectionStrategy": "TOP_RESOLUTION"
  }
}